source,country,date,type,value
wikipedia,Pakistan,02-Apr-20,cases,2386
wikipedia,Pakistan,02-Apr-20,deaths,33
wikipedia,Pakistan,02-Apr-20,recovered,107
wikipedia,Togo,02-Apr-20,cases,39
wikipedia,Togo,02-Apr-20,deaths,2
wikipedia,Togo,02-Apr-20,recovered,17
wikipedia,Belarus,02-Apr-20,cases,304
wikipedia,Belarus,02-Apr-20,deaths,4
wikipedia,Belarus,02-Apr-20,recovered,46
wikipedia,Brunei,02-Apr-20,cases,133
wikipedia,Brunei,02-Apr-20,deaths,1
wikipedia,Brunei,02-Apr-20,recovered,56
wikipedia,Mayotte,02-Apr-20,cases,116
wikipedia,Mayotte,02-Apr-20,deaths,2
wikipedia,Mayotte,02-Apr-20,recovered,10
wikipedia,East Timor,02-Apr-20,cases,1
wikipedia,East Timor,02-Apr-20,deaths,0
wikipedia,East Timor,02-Apr-20,recovered,1
wikipedia,Australia,02-Apr-20,cases,5276
wikipedia,Australia,02-Apr-20,deaths,25
wikipedia,Australia,02-Apr-20,recovered,422
wikipedia,Tunisia,02-Apr-20,cases,455
wikipedia,Tunisia,02-Apr-20,deaths,14
wikipedia,Tunisia,02-Apr-20,recovered,5
wikipedia,Sint Maarten,02-Apr-20,cases,16
wikipedia,Sint Maarten,02-Apr-20,deaths,1
wikipedia,Sint Maarten,02-Apr-20,recovered,1
wikipedia,Hong Kong,02-Apr-20,cases,802
wikipedia,Hong Kong,02-Apr-20,deaths,4
wikipedia,Hong Kong,02-Apr-20,recovered,154
wikipedia,Åland Islands,02-Apr-20,cases,8
wikipedia,Åland Islands,02-Apr-20,deaths,0
wikipedia,Åland Islands,02-Apr-20,recovered,0
wikipedia,North Macedonia,02-Apr-20,cases,384
wikipedia,North Macedonia,02-Apr-20,deaths,11
wikipedia,North Macedonia,02-Apr-20,recovered,17
wikipedia,Uruguay,02-Apr-20,cases,350
wikipedia,Uruguay,02-Apr-20,deaths,2
wikipedia,Uruguay,02-Apr-20,recovered,62
wikipedia,Mali,02-Apr-20,cases,36
wikipedia,Mali,02-Apr-20,deaths,3
wikipedia,Mali,02-Apr-20,recovered,0
wikipedia,Qatar,02-Apr-20,cases,835
wikipedia,Qatar,02-Apr-20,deaths,2
wikipedia,Qatar,02-Apr-20,recovered,71
wikipedia,Turks and Caicos Islands,02-Apr-20,cases,5
wikipedia,Turks and Caicos Islands,02-Apr-20,deaths,0
wikipedia,Turks and Caicos Islands,02-Apr-20,recovered,0
wikipedia,Argentina,02-Apr-20,cases,1133
wikipedia,Argentina,02-Apr-20,deaths,32
wikipedia,Argentina,02-Apr-20,recovered,240
wikipedia,Hungary,02-Apr-20,cases,585
wikipedia,Hungary,02-Apr-20,deaths,20
wikipedia,Hungary,02-Apr-20,recovered,42
wikipedia,Cambodia,02-Apr-20,cases,110
wikipedia,Cambodia,02-Apr-20,deaths,0
wikipedia,Cambodia,02-Apr-20,recovered,34
wikipedia,Cuba,02-Apr-20,cases,233
wikipedia,Cuba,02-Apr-20,deaths,6
wikipedia,Cuba,02-Apr-20,recovered,13
wikipedia,Paraguay,02-Apr-20,cases,77
wikipedia,Paraguay,02-Apr-20,deaths,3
wikipedia,Paraguay,02-Apr-20,recovered,1
wikipedia,Portugal,02-Apr-20,cases,9034
wikipedia,Portugal,02-Apr-20,deaths,209
wikipedia,Portugal,02-Apr-20,recovered,68
wikipedia,Bahrain,02-Apr-20,cases,635
wikipedia,Bahrain,02-Apr-20,deaths,4
wikipedia,Bahrain,02-Apr-20,recovered,341
wikipedia,Oman,02-Apr-20,cases,231
wikipedia,Oman,02-Apr-20,deaths,1
wikipedia,Oman,02-Apr-20,recovered,57
wikipedia,Haiti,02-Apr-20,cases,15
wikipedia,Haiti,02-Apr-20,deaths,0
wikipedia,Haiti,02-Apr-20,recovered,0
wikipedia,Nepal,02-Apr-20,cases,6
wikipedia,Nepal,02-Apr-20,deaths,0
wikipedia,Nepal,02-Apr-20,recovered,1
wikipedia,Saint Lucia,02-Apr-20,cases,13
wikipedia,Saint Lucia,02-Apr-20,deaths,0
wikipedia,Saint Lucia,02-Apr-20,recovered,0
wikipedia,Somaliland,02-Apr-20,cases,2
wikipedia,Somaliland,02-Apr-20,deaths,0
wikipedia,Somaliland,02-Apr-20,recovered,0
wikipedia,Guinea,02-Apr-20,cases,52
wikipedia,Guinea,02-Apr-20,deaths,0
wikipedia,Guinea,02-Apr-20,recovered,0
wikipedia,Cape Verde,02-Apr-20,cases,6
wikipedia,Cape Verde,02-Apr-20,deaths,1
wikipedia,Cape Verde,02-Apr-20,recovered,0
wikipedia,Sierra Leone,02-Apr-20,cases,2
wikipedia,Sierra Leone,02-Apr-20,deaths,0
wikipedia,Sierra Leone,02-Apr-20,recovered,0
wikipedia,Moldova,02-Apr-20,cases,505
wikipedia,Moldova,02-Apr-20,deaths,6
wikipedia,Moldova,02-Apr-20,recovered,25
wikipedia,Burkina Faso,02-Apr-20,cases,288
wikipedia,Burkina Faso,02-Apr-20,deaths,16
wikipedia,Burkina Faso,02-Apr-20,recovered,50
wikipedia,Ireland,02-Apr-20,cases,3849
wikipedia,Ireland,02-Apr-20,deaths,98
wikipedia,Ireland,02-Apr-20,recovered,10
wikipedia,French Guiana,02-Apr-20,cases,51
wikipedia,French Guiana,02-Apr-20,deaths,0
wikipedia,French Guiana,02-Apr-20,recovered,0
wikipedia,Mongolia,02-Apr-20,cases,14
wikipedia,Mongolia,02-Apr-20,deaths,0
wikipedia,Mongolia,02-Apr-20,recovered,2
wikipedia,Ethiopia,02-Apr-20,cases,29
wikipedia,Ethiopia,02-Apr-20,deaths,0
wikipedia,Ethiopia,02-Apr-20,recovered,2
wikipedia,New Zealand,02-Apr-20,cases,723
wikipedia,New Zealand,02-Apr-20,deaths,1
wikipedia,New Zealand,02-Apr-20,recovered,92
wikipedia,Kosovo,02-Apr-20,cases,125
wikipedia,Kosovo,02-Apr-20,deaths,1
wikipedia,Kosovo,02-Apr-20,recovered,10
wikipedia,Jersey,02-Apr-20,cases,96
wikipedia,Jersey,02-Apr-20,deaths,2
wikipedia,Jersey,02-Apr-20,recovered,0
wikipedia,United Kingdom,02-Apr-20,cases,33718
wikipedia,United Kingdom,02-Apr-20,deaths,2921
wikipedia,United Kingdom,02-Apr-20,recovered,191
wikipedia,Gibraltar,02-Apr-20,cases,88
wikipedia,Gibraltar,02-Apr-20,deaths,0
wikipedia,Gibraltar,02-Apr-20,recovered,42
wikipedia,Malaysia,02-Apr-20,cases,3116
wikipedia,Malaysia,02-Apr-20,deaths,50
wikipedia,Malaysia,02-Apr-20,recovered,767
wikipedia,Chile,02-Apr-20,cases,3404
wikipedia,Chile,02-Apr-20,deaths,18
wikipedia,Chile,02-Apr-20,recovered,373
wikipedia,Brazil,02-Apr-20,cases,8044
wikipedia,Brazil,02-Apr-20,deaths,324
wikipedia,Brazil,02-Apr-20,recovered,127
wikipedia,Kazakhstan,02-Apr-20,cases,423
wikipedia,Kazakhstan,02-Apr-20,deaths,3
wikipedia,Kazakhstan,02-Apr-20,recovered,27
wikipedia,Niger,02-Apr-20,cases,74
wikipedia,Niger,02-Apr-20,deaths,5
wikipedia,Niger,02-Apr-20,recovered,0
wikipedia,Colombia,02-Apr-20,cases,1161
wikipedia,Colombia,02-Apr-20,deaths,19
wikipedia,Colombia,02-Apr-20,recovered,55
wikipedia,Bolivia,02-Apr-20,cases,123
wikipedia,Bolivia,02-Apr-20,deaths,8
wikipedia,Bolivia,02-Apr-20,recovered,1
wikipedia,El Salvador,02-Apr-20,cases,41
wikipedia,El Salvador,02-Apr-20,deaths,2
wikipedia,El Salvador,02-Apr-20,recovered,0
wikipedia,Sudan,02-Apr-20,cases,7
wikipedia,Sudan,02-Apr-20,deaths,2
wikipedia,Sudan,02-Apr-20,recovered,1
wikipedia,Guam,02-Apr-20,cases,77
wikipedia,Guam,02-Apr-20,deaths,3
wikipedia,Guam,02-Apr-20,recovered,9
wikipedia,Sweden,02-Apr-20,cases,5568
wikipedia,Sweden,02-Apr-20,deaths,308
wikipedia,Sweden,02-Apr-20,recovered,103
wikipedia,Croatia,02-Apr-20,cases,1011
wikipedia,Croatia,02-Apr-20,deaths,7
wikipedia,Croatia,02-Apr-20,recovered,88
wikipedia,Ukraine,02-Apr-20,cases,897
wikipedia,Ukraine,02-Apr-20,deaths,22
wikipedia,Ukraine,02-Apr-20,recovered,19
wikipedia,Kenya,02-Apr-20,cases,110
wikipedia,Kenya,02-Apr-20,deaths,3
wikipedia,Kenya,02-Apr-20,recovered,4
wikipedia,Gambia,02-Apr-20,cases,4
wikipedia,Gambia,02-Apr-20,deaths,1
wikipedia,Gambia,02-Apr-20,recovered,0
wikipedia,Palestine,02-Apr-20,cases,155
wikipedia,Palestine,02-Apr-20,deaths,1
wikipedia,Palestine,02-Apr-20,recovered,18
wikipedia,Iraq,02-Apr-20,cases,772
wikipedia,Iraq,02-Apr-20,deaths,54
wikipedia,Iraq,02-Apr-20,recovered,202
wikipedia,Canada,02-Apr-20,cases,11168
wikipedia,Canada,02-Apr-20,deaths,130
wikipedia,Canada,02-Apr-20,recovered,1709
wikipedia,Belgium,02-Apr-20,cases,15348
wikipedia,Belgium,02-Apr-20,deaths,1011
wikipedia,Belgium,02-Apr-20,recovered,2495
wikipedia,United States,02-Apr-20,cases,243229
wikipedia,United States,02-Apr-20,deaths,5794
wikipedia,United States,02-Apr-20,recovered,10365
wikipedia,South Africa,02-Apr-20,cases,1462
wikipedia,South Africa,02-Apr-20,deaths,5
wikipedia,South Africa,02-Apr-20,recovered,31
wikipedia,Uzbekistan,02-Apr-20,cases,205
wikipedia,Uzbekistan,02-Apr-20,deaths,2
wikipedia,Uzbekistan,02-Apr-20,recovered,25
wikipedia,Bangladesh,02-Apr-20,cases,56
wikipedia,Bangladesh,02-Apr-20,deaths,6
wikipedia,Bangladesh,02-Apr-20,recovered,26
wikipedia,Jamaica,02-Apr-20,cases,44
wikipedia,Jamaica,02-Apr-20,deaths,3
wikipedia,Jamaica,02-Apr-20,recovered,2
wikipedia,Mexico,02-Apr-20,cases,1378
wikipedia,Mexico,02-Apr-20,deaths,37
wikipedia,Mexico,02-Apr-20,recovered,35
wikipedia,Libya,02-Apr-20,cases,10
wikipedia,Libya,02-Apr-20,deaths,0
wikipedia,Libya,02-Apr-20,recovered,1
wikipedia,Romania,02-Apr-20,cases,2738
wikipedia,Romania,02-Apr-20,deaths,115
wikipedia,Romania,02-Apr-20,recovered,267
wikipedia,Botswana,02-Apr-20,cases,4
wikipedia,Botswana,02-Apr-20,deaths,1
wikipedia,Botswana,02-Apr-20,recovered,0
wikipedia,Saint Kitts and Nevis,02-Apr-20,cases,8
wikipedia,Saint Kitts and Nevis,02-Apr-20,deaths,0
wikipedia,Saint Kitts and Nevis,02-Apr-20,recovered,0
wikipedia,Malta,02-Apr-20,cases,195
wikipedia,Malta,02-Apr-20,deaths,0
wikipedia,Malta,02-Apr-20,recovered,2
wikipedia,Fiji,02-Apr-20,cases,7
wikipedia,Fiji,02-Apr-20,deaths,0
wikipedia,Fiji,02-Apr-20,recovered,0
wikipedia,Bhutan,02-Apr-20,cases,5
wikipedia,Bhutan,02-Apr-20,deaths,0
wikipedia,Bhutan,02-Apr-20,recovered,0
wikipedia,Azerbaijan,02-Apr-20,cases,400
wikipedia,Azerbaijan,02-Apr-20,deaths,5
wikipedia,Azerbaijan,02-Apr-20,recovered,26
wikipedia,U.S. Virgin Islands,02-Apr-20,cases,30
wikipedia,U.S. Virgin Islands,02-Apr-20,deaths,0
wikipedia,U.S. Virgin Islands,02-Apr-20,recovered,21
wikipedia,Egypt,02-Apr-20,cases,850
wikipedia,Egypt,02-Apr-20,deaths,52
wikipedia,Egypt,02-Apr-20,recovered,179
wikipedia,Barbados,02-Apr-20,cases,46
wikipedia,Barbados,02-Apr-20,deaths,0
wikipedia,Barbados,02-Apr-20,recovered,0
wikipedia,Estonia,02-Apr-20,cases,858
wikipedia,Estonia,02-Apr-20,deaths,11
wikipedia,Estonia,02-Apr-20,recovered,33
wikipedia,Lithuania,02-Apr-20,cases,649
wikipedia,Lithuania,02-Apr-20,deaths,8
wikipedia,Lithuania,02-Apr-20,recovered,7
wikipedia,Vietnam,02-Apr-20,cases,227
wikipedia,Vietnam,02-Apr-20,deaths,0
wikipedia,Vietnam,02-Apr-20,recovered,75
wikipedia,Guadeloupe,02-Apr-20,cases,125
wikipedia,Guadeloupe,02-Apr-20,deaths,6
wikipedia,Guadeloupe,02-Apr-20,recovered,24
wikipedia,Syria,02-Apr-20,cases,16
wikipedia,Syria,02-Apr-20,deaths,2
wikipedia,Syria,02-Apr-20,recovered,0
wikipedia,Japan,02-Apr-20,cases,2384
wikipedia,Japan,02-Apr-20,deaths,57
wikipedia,Japan,02-Apr-20,recovered,472
wikipedia,Dominica,02-Apr-20,cases,12
wikipedia,Dominica,02-Apr-20,deaths,0
wikipedia,Dominica,02-Apr-20,recovered,0
wikipedia,Georgia,02-Apr-20,cases,134
wikipedia,Georgia,02-Apr-20,deaths,0
wikipedia,Georgia,02-Apr-20,recovered,26
wikipedia,Nigeria,02-Apr-20,cases,184
wikipedia,Nigeria,02-Apr-20,deaths,2
wikipedia,Nigeria,02-Apr-20,recovered,20
wikipedia,Isle of Man,02-Apr-20,cases,95
wikipedia,Isle of Man,02-Apr-20,deaths,1
wikipedia,Isle of Man,02-Apr-20,recovered,0
wikipedia,Indonesia,02-Apr-20,cases,1790
wikipedia,Indonesia,02-Apr-20,deaths,170
wikipedia,Indonesia,02-Apr-20,recovered,112
wikipedia,Central African Republic,02-Apr-20,cases,6
wikipedia,Central African Republic,02-Apr-20,deaths,0
wikipedia,Central African Republic,02-Apr-20,recovered,0
wikipedia,Suriname,02-Apr-20,cases,10
wikipedia,Suriname,02-Apr-20,deaths,0
wikipedia,Suriname,02-Apr-20,recovered,0
wikipedia,Ecuador,02-Apr-20,cases,3163
wikipedia,Ecuador,02-Apr-20,deaths,120
wikipedia,Ecuador,02-Apr-20,recovered,65
wikipedia,Laos,02-Apr-20,cases,9
wikipedia,Laos,02-Apr-20,deaths,0
wikipedia,Laos,02-Apr-20,recovered,0
wikipedia,Saint Barthélemy,02-Apr-20,cases,6
wikipedia,Saint Barthélemy,02-Apr-20,deaths,0
wikipedia,Saint Barthélemy,02-Apr-20,recovered,1
wikipedia,Ghana,02-Apr-20,cases,204
wikipedia,Ghana,02-Apr-20,deaths,5
wikipedia,Ghana,02-Apr-20,recovered,31
wikipedia,Eswatini,02-Apr-20,cases,9
wikipedia,Eswatini,02-Apr-20,deaths,0
wikipedia,Eswatini,02-Apr-20,recovered,0
wikipedia,Latvia,02-Apr-20,cases,458
wikipedia,Latvia,02-Apr-20,deaths,0
wikipedia,Latvia,02-Apr-20,recovered,1
wikipedia,Namibia,02-Apr-20,cases,14
wikipedia,Namibia,02-Apr-20,deaths,0
wikipedia,Namibia,02-Apr-20,recovered,2
wikipedia,Guyana,02-Apr-20,cases,12
wikipedia,Guyana,02-Apr-20,deaths,1
wikipedia,Guyana,02-Apr-20,recovered,0
wikipedia,Maldives,02-Apr-20,cases,19
wikipedia,Maldives,02-Apr-20,deaths,0
wikipedia,Maldives,02-Apr-20,recovered,13
wikipedia,Zimbabwe,02-Apr-20,cases,8
wikipedia,Zimbabwe,02-Apr-20,deaths,1
wikipedia,Zimbabwe,02-Apr-20,recovered,0
wikipedia,Anguilla,02-Apr-20,cases,3
wikipedia,Anguilla,02-Apr-20,deaths,0
wikipedia,Anguilla,02-Apr-20,recovered,0
wikipedia,Eritrea,02-Apr-20,cases,22
wikipedia,Eritrea,02-Apr-20,deaths,0
wikipedia,Eritrea,02-Apr-20,recovered,0
wikipedia,Seychelles,02-Apr-20,cases,10
wikipedia,Seychelles,02-Apr-20,deaths,0
wikipedia,Seychelles,02-Apr-20,recovered,0
wikipedia,Greece,02-Apr-20,cases,1415
wikipedia,Greece,02-Apr-20,deaths,53
wikipedia,Greece,02-Apr-20,recovered,53
wikipedia,Guatemala,02-Apr-20,cases,46
wikipedia,Guatemala,02-Apr-20,deaths,1
wikipedia,Guatemala,02-Apr-20,recovered,12
wikipedia,DR Congo,02-Apr-20,cases,134
wikipedia,DR Congo,02-Apr-20,deaths,13
wikipedia,DR Congo,02-Apr-20,recovered,3
wikipedia,Republic of the Congo,02-Apr-20,cases,22
wikipedia,Republic of the Congo,02-Apr-20,deaths,2
wikipedia,Republic of the Congo,02-Apr-20,recovered,0
wikipedia,San Marino,02-Apr-20,cases,245
wikipedia,San Marino,02-Apr-20,deaths,30
wikipedia,San Marino,02-Apr-20,recovered,21
wikipedia,Philippines,02-Apr-20,cases,2633
wikipedia,Philippines,02-Apr-20,deaths,107
wikipedia,Philippines,02-Apr-20,recovered,51
wikipedia,Mauritania,02-Apr-20,cases,6
wikipedia,Mauritania,02-Apr-20,deaths,1
wikipedia,Mauritania,02-Apr-20,recovered,2
wikipedia,Russia,02-Apr-20,cases,3548
wikipedia,Russia,02-Apr-20,deaths,30
wikipedia,Russia,02-Apr-20,recovered,235
wikipedia,New Caledonia,02-Apr-20,cases,18
wikipedia,New Caledonia,02-Apr-20,deaths,0
wikipedia,New Caledonia,02-Apr-20,recovered,1
wikipedia,Rwanda,02-Apr-20,cases,84
wikipedia,Rwanda,02-Apr-20,deaths,0
wikipedia,Rwanda,02-Apr-20,recovered,0
wikipedia,Nicaragua,02-Apr-20,cases,4
wikipedia,Nicaragua,02-Apr-20,deaths,1
wikipedia,Nicaragua,02-Apr-20,recovered,0
wikipedia,Italy,02-Apr-20,cases,115242
wikipedia,Italy,02-Apr-20,deaths,13915
wikipedia,Italy,02-Apr-20,recovered,18278
wikipedia,China,02-Apr-20,cases,81589
wikipedia,China,02-Apr-20,deaths,3318
wikipedia,China,02-Apr-20,recovered,76408
wikipedia,Mozambique,02-Apr-20,cases,10
wikipedia,Mozambique,02-Apr-20,deaths,0
wikipedia,Mozambique,02-Apr-20,recovered,0
wikipedia,Belize,02-Apr-20,cases,3
wikipedia,Belize,02-Apr-20,deaths,0
wikipedia,Belize,02-Apr-20,recovered,0
wikipedia,Uganda,02-Apr-20,cases,45
wikipedia,Uganda,02-Apr-20,deaths,0
wikipedia,Uganda,02-Apr-20,recovered,0
wikipedia,France,02-Apr-20,cases,58441
wikipedia,France,02-Apr-20,deaths,5380
wikipedia,France,02-Apr-20,recovered,10935
wikipedia,Serbia,02-Apr-20,cases,1171
wikipedia,Serbia,02-Apr-20,deaths,31
wikipedia,Serbia,02-Apr-20,recovered,54
wikipedia,Slovenia,02-Apr-20,cases,897
wikipedia,Slovenia,02-Apr-20,deaths,16
wikipedia,Slovenia,02-Apr-20,recovered,10
wikipedia,Honduras,02-Apr-20,cases,219
wikipedia,Honduras,02-Apr-20,deaths,14
wikipedia,Honduras,02-Apr-20,recovered,3
wikipedia,Gabon,02-Apr-20,cases,18
wikipedia,Gabon,02-Apr-20,deaths,1
wikipedia,Gabon,02-Apr-20,recovered,0
wikipedia,St. Vincent and the Grenadines,02-Apr-20,cases,2
wikipedia,St. Vincent and the Grenadines,02-Apr-20,deaths,0
wikipedia,St. Vincent and the Grenadines,02-Apr-20,recovered,1
wikipedia,Iran,02-Apr-20,cases,50468
wikipedia,Iran,02-Apr-20,deaths,3160
wikipedia,Iran,02-Apr-20,recovered,16711
wikipedia,Venezuela,02-Apr-20,cases,144
wikipedia,Venezuela,02-Apr-20,deaths,3
wikipedia,Venezuela,02-Apr-20,recovered,43
wikipedia,Armenia,02-Apr-20,cases,663
wikipedia,Armenia,02-Apr-20,deaths,4
wikipedia,Armenia,02-Apr-20,recovered,31
wikipedia,Tanzania,02-Apr-20,cases,20
wikipedia,Tanzania,02-Apr-20,deaths,1
wikipedia,Tanzania,02-Apr-20,recovered,2
wikipedia,Antigua and Barbuda,02-Apr-20,cases,9
wikipedia,Antigua and Barbuda,02-Apr-20,deaths,0
wikipedia,Antigua and Barbuda,02-Apr-20,recovered,0
wikipedia,Papua New Guinea,02-Apr-20,cases,1
wikipedia,Papua New Guinea,02-Apr-20,deaths,0
wikipedia,Papua New Guinea,02-Apr-20,recovered,0
wikipedia,Ivory Coast,02-Apr-20,cases,194
wikipedia,Ivory Coast,02-Apr-20,deaths,1
wikipedia,Ivory Coast,02-Apr-20,recovered,9
wikipedia,Equatorial Guinea,02-Apr-20,cases,15
wikipedia,Equatorial Guinea,02-Apr-20,deaths,0
wikipedia,Equatorial Guinea,02-Apr-20,recovered,1
wikipedia,Northern Cyprus,02-Apr-20,cases,77
wikipedia,Northern Cyprus,02-Apr-20,deaths,2
wikipedia,Northern Cyprus,02-Apr-20,recovered,29
wikipedia,Madagascar,02-Apr-20,cases,59
wikipedia,Madagascar,02-Apr-20,deaths,0
wikipedia,Madagascar,02-Apr-20,recovered,0
wikipedia,Slovakia,02-Apr-20,cases,400
wikipedia,Slovakia,02-Apr-20,deaths,1
wikipedia,Slovakia,02-Apr-20,recovered,7
wikipedia,Somalia,02-Apr-20,cases,3
wikipedia,Somalia,02-Apr-20,deaths,0
wikipedia,Somalia,02-Apr-20,recovered,0
wikipedia,Norway,02-Apr-20,cases,5142
wikipedia,Norway,02-Apr-20,deaths,50
wikipedia,Norway,02-Apr-20,recovered,0
wikipedia,Algeria,02-Apr-20,cases,986
wikipedia,Algeria,02-Apr-20,deaths,86
wikipedia,Algeria,02-Apr-20,recovered,61
wikipedia,Dominican Republic,02-Apr-20,cases,1380
wikipedia,Dominican Republic,02-Apr-20,deaths,60
wikipedia,Dominican Republic,02-Apr-20,recovered,16
wikipedia,Greenland,02-Apr-20,cases,10
wikipedia,Greenland,02-Apr-20,deaths,0
wikipedia,Greenland,02-Apr-20,recovered,2
wikipedia,South Korea,02-Apr-20,cases,9976
wikipedia,South Korea,02-Apr-20,deaths,169
wikipedia,South Korea,02-Apr-20,recovered,5828
wikipedia,Taiwan,02-Apr-20,cases,339
wikipedia,Taiwan,02-Apr-20,deaths,5
wikipedia,Taiwan,02-Apr-20,recovered,50
wikipedia,Malawi,02-Apr-20,cases,3
wikipedia,Malawi,02-Apr-20,deaths,0
wikipedia,Malawi,02-Apr-20,recovered,0
wikipedia,Myanmar,02-Apr-20,cases,16
wikipedia,Myanmar,02-Apr-20,deaths,1
wikipedia,Myanmar,02-Apr-20,recovered,0
wikipedia,Liberia,02-Apr-20,cases,6
wikipedia,Liberia,02-Apr-20,deaths,0
wikipedia,Liberia,02-Apr-20,recovered,0
wikipedia,Monaco,02-Apr-20,cases,55
wikipedia,Monaco,02-Apr-20,deaths,1
wikipedia,Monaco,02-Apr-20,recovered,2
wikipedia,Albania,02-Apr-20,cases,277
wikipedia,Albania,02-Apr-20,deaths,16
wikipedia,Albania,02-Apr-20,recovered,76
wikipedia,Angola,02-Apr-20,cases,8
wikipedia,Angola,02-Apr-20,deaths,2
wikipedia,Angola,02-Apr-20,recovered,1
wikipedia,Senegal,02-Apr-20,cases,195
wikipedia,Senegal,02-Apr-20,deaths,1
wikipedia,Senegal,02-Apr-20,recovered,55
wikipedia,Cyprus,02-Apr-20,cases,315
wikipedia,Cyprus,02-Apr-20,deaths,9
wikipedia,Cyprus,02-Apr-20,recovered,18
wikipedia,Martinique,02-Apr-20,cases,131
wikipedia,Martinique,02-Apr-20,deaths,3
wikipedia,Martinique,02-Apr-20,recovered,27
wikipedia,Cameroon,02-Apr-20,cases,306
wikipedia,Cameroon,02-Apr-20,deaths,8
wikipedia,Cameroon,02-Apr-20,recovered,10
wikipedia,Réunion,02-Apr-20,cases,308
wikipedia,Réunion,02-Apr-20,deaths,0
wikipedia,Réunion,02-Apr-20,recovered,48
wikipedia,Finland,02-Apr-20,cases,1513
wikipedia,Finland,02-Apr-20,deaths,17
wikipedia,Finland,02-Apr-20,recovered,0
wikipedia,Burundi,02-Apr-20,cases,3
wikipedia,Burundi,02-Apr-20,deaths,0
wikipedia,Burundi,02-Apr-20,recovered,0
wikipedia,Kyrgyzstan,02-Apr-20,cases,116
wikipedia,Kyrgyzstan,02-Apr-20,deaths,0
wikipedia,Kyrgyzstan,02-Apr-20,recovered,5
wikipedia,British Virgin Islands,02-Apr-20,cases,3
wikipedia,British Virgin Islands,02-Apr-20,deaths,0
wikipedia,British Virgin Islands,02-Apr-20,recovered,0
wikipedia,Sri Lanka,02-Apr-20,cases,151
wikipedia,Sri Lanka,02-Apr-20,deaths,4
wikipedia,Sri Lanka,02-Apr-20,recovered,21
wikipedia,Denmark,02-Apr-20,cases,3386
wikipedia,Denmark,02-Apr-20,deaths,123
wikipedia,Denmark,02-Apr-20,recovered,1089
wikipedia,Guinea-Bissau,02-Apr-20,cases,9
wikipedia,Guinea-Bissau,02-Apr-20,deaths,0
wikipedia,Guinea-Bissau,02-Apr-20,recovered,0
wikipedia,Peru,02-Apr-20,cases,1414
wikipedia,Peru,02-Apr-20,deaths,55
wikipedia,Peru,02-Apr-20,recovered,537
wikipedia,Bermuda,02-Apr-20,cases,35
wikipedia,Bermuda,02-Apr-20,deaths,0
wikipedia,Bermuda,02-Apr-20,recovered,11
wikipedia,Luxembourg,02-Apr-20,cases,2487
wikipedia,Luxembourg,02-Apr-20,deaths,30
wikipedia,Luxembourg,02-Apr-20,recovered,80
wikipedia,Switzerland,02-Apr-20,cases,18823
wikipedia,Switzerland,02-Apr-20,deaths,541
wikipedia,Switzerland,02-Apr-20,recovered,4846
wikipedia,Puerto Rico,02-Apr-20,cases,286
wikipedia,Puerto Rico,02-Apr-20,deaths,11
wikipedia,Puerto Rico,02-Apr-20,recovered,0
wikipedia,Iceland,02-Apr-20,cases,1220
wikipedia,Iceland,02-Apr-20,deaths,2
wikipedia,Iceland,02-Apr-20,recovered,236
wikipedia,Netherlands,02-Apr-20,cases,14697
wikipedia,Netherlands,02-Apr-20,deaths,1339
wikipedia,Netherlands,02-Apr-20,recovered,0
wikipedia,Thailand,02-Apr-20,cases,1875
wikipedia,Thailand,02-Apr-20,deaths,15
wikipedia,Thailand,02-Apr-20,recovered,505
wikipedia,Vatican City,02-Apr-20,cases,6
wikipedia,Vatican City,02-Apr-20,deaths,0
wikipedia,Vatican City,02-Apr-20,recovered,0
wikipedia,Spain,02-Apr-20,cases,112065
wikipedia,Spain,02-Apr-20,deaths,10348
wikipedia,Spain,02-Apr-20,recovered,26743
wikipedia,Kuwait,02-Apr-20,cases,317
wikipedia,Kuwait,02-Apr-20,deaths,0
wikipedia,Kuwait,02-Apr-20,recovered,80
wikipedia,Germany,02-Apr-20,cases,84789
wikipedia,Germany,02-Apr-20,deaths,1109
wikipedia,Germany,02-Apr-20,recovered,13597
wikipedia,Turkey,02-Apr-20,cases,18135
wikipedia,Turkey,02-Apr-20,deaths,356
wikipedia,Turkey,02-Apr-20,recovered,415
wikipedia,Poland,02-Apr-20,cases,2946
wikipedia,Poland,02-Apr-20,deaths,57
wikipedia,Poland,02-Apr-20,recovered,56
wikipedia,Andorra,02-Apr-20,cases,428
wikipedia,Andorra,02-Apr-20,deaths,15
wikipedia,Andorra,02-Apr-20,recovered,14
wikipedia,Bahamas,02-Apr-20,cases,24
wikipedia,Bahamas,02-Apr-20,deaths,1
wikipedia,Bahamas,02-Apr-20,recovered,0
wikipedia,Liechtenstein,02-Apr-20,cases,72
wikipedia,Liechtenstein,02-Apr-20,deaths,0
wikipedia,Liechtenstein,02-Apr-20,recovered,0
wikipedia,Singapore,02-Apr-20,cases,1049
wikipedia,Singapore,02-Apr-20,deaths,4
wikipedia,Singapore,02-Apr-20,recovered,266
wikipedia,United Arab Emirates,02-Apr-20,cases,1024
wikipedia,United Arab Emirates,02-Apr-20,deaths,8
wikipedia,United Arab Emirates,02-Apr-20,recovered,96
wikipedia,Mauritius,02-Apr-20,cases,169
wikipedia,Mauritius,02-Apr-20,deaths,7
wikipedia,Mauritius,02-Apr-20,recovered,0
wikipedia,Costa Rica,02-Apr-20,cases,396
wikipedia,Costa Rica,02-Apr-20,deaths,2
wikipedia,Costa Rica,02-Apr-20,recovered,6
wikipedia,Macau,02-Apr-20,cases,41
wikipedia,Macau,02-Apr-20,deaths,0
wikipedia,Macau,02-Apr-20,recovered,10
wikipedia,Saint Martin,02-Apr-20,cases,22
wikipedia,Saint Martin,02-Apr-20,deaths,2
wikipedia,Saint Martin,02-Apr-20,recovered,2
wikipedia,Aruba,02-Apr-20,cases,60
wikipedia,Aruba,02-Apr-20,deaths,0
wikipedia,Aruba,02-Apr-20,recovered,1
wikipedia,Benin,02-Apr-20,cases,13
wikipedia,Benin,02-Apr-20,deaths,0
wikipedia,Benin,02-Apr-20,recovered,1
wikipedia,Akrotiri and Dhekelia,02-Apr-20,cases,7
wikipedia,Akrotiri and Dhekelia,02-Apr-20,deaths,0
wikipedia,Akrotiri and Dhekelia,02-Apr-20,recovered,0
wikipedia,Morocco,02-Apr-20,cases,691
wikipedia,Morocco,02-Apr-20,deaths,44
wikipedia,Morocco,02-Apr-20,recovered,30
wikipedia,Bulgaria,02-Apr-20,cases,449
wikipedia,Bulgaria,02-Apr-20,deaths,10
wikipedia,Bulgaria,02-Apr-20,recovered,20
wikipedia,Panama,02-Apr-20,cases,1317
wikipedia,Panama,02-Apr-20,deaths,32
wikipedia,Panama,02-Apr-20,recovered,9
wikipedia,India,02-Apr-20,cases,2069
wikipedia,India,02-Apr-20,deaths,53
wikipedia,India,02-Apr-20,recovered,156
wikipedia,Cayman Islands,02-Apr-20,cases,28
wikipedia,Cayman Islands,02-Apr-20,deaths,1
wikipedia,Cayman Islands,02-Apr-20,recovered,0
wikipedia,Montserrat,02-Apr-20,cases,5
wikipedia,Montserrat,02-Apr-20,deaths,0
wikipedia,Montserrat,02-Apr-20,recovered,0
wikipedia,Austria,02-Apr-20,cases,11129
wikipedia,Austria,02-Apr-20,deaths,158
wikipedia,Austria,02-Apr-20,recovered,1749
wikipedia,Northern Mariana Islands,02-Apr-20,cases,6
wikipedia,Northern Mariana Islands,02-Apr-20,deaths,1
wikipedia,Northern Mariana Islands,02-Apr-20,recovered,0
wikipedia,Bosnia and Herzegovina,02-Apr-20,cases,533
wikipedia,Bosnia and Herzegovina,02-Apr-20,deaths,16
wikipedia,Bosnia and Herzegovina,02-Apr-20,recovered,20
wikipedia,French Polynesia,02-Apr-20,cases,37
wikipedia,French Polynesia,02-Apr-20,deaths,0
wikipedia,French Polynesia,02-Apr-20,recovered,1
wikipedia,Faroe Islands,02-Apr-20,cases,177
wikipedia,Faroe Islands,02-Apr-20,deaths,0
wikipedia,Faroe Islands,02-Apr-20,recovered,81
wikipedia,Grenada,02-Apr-20,cases,10
wikipedia,Grenada,02-Apr-20,deaths,0
wikipedia,Grenada,02-Apr-20,recovered,0
wikipedia,Jordan,02-Apr-20,cases,299
wikipedia,Jordan,02-Apr-20,deaths,5
wikipedia,Jordan,02-Apr-20,recovered,45
wikipedia,Trinidad and Tobago,02-Apr-20,cases,90
wikipedia,Trinidad and Tobago,02-Apr-20,deaths,5
wikipedia,Trinidad and Tobago,02-Apr-20,recovered,1
wikipedia,Guernsey,02-Apr-20,cases,97
wikipedia,Guernsey,02-Apr-20,deaths,1
wikipedia,Guernsey,02-Apr-20,recovered,0
wikipedia,Afghanistan,02-Apr-20,cases,237
wikipedia,Afghanistan,02-Apr-20,deaths,4
wikipedia,Afghanistan,02-Apr-20,recovered,5
wikipedia,Lebanon,02-Apr-20,cases,494
wikipedia,Lebanon,02-Apr-20,deaths,16
wikipedia,Lebanon,02-Apr-20,recovered,43
wikipedia,Djibouti,02-Apr-20,cases,40
wikipedia,Djibouti,02-Apr-20,deaths,0
wikipedia,Djibouti,02-Apr-20,recovered,0
wikipedia,Montenegro,02-Apr-20,cases,140
wikipedia,Montenegro,02-Apr-20,deaths,2
wikipedia,Montenegro,02-Apr-20,recovered,0
wikipedia,Saudi Arabia,02-Apr-20,cases,1885
wikipedia,Saudi Arabia,02-Apr-20,deaths,21
wikipedia,Saudi Arabia,02-Apr-20,recovered,328
wikipedia,Sint Eustatius,02-Apr-20,cases,2
wikipedia,Sint Eustatius,02-Apr-20,deaths,0
wikipedia,Sint Eustatius,02-Apr-20,recovered,0
wikipedia,Chad,02-Apr-20,cases,7
wikipedia,Chad,02-Apr-20,deaths,0
wikipedia,Chad,02-Apr-20,recovered,0
wikipedia,Zambia,02-Apr-20,cases,39
wikipedia,Zambia,02-Apr-20,deaths,1
wikipedia,Zambia,02-Apr-20,recovered,1
wikipedia,Israel,02-Apr-20,cases,6808
wikipedia,Israel,02-Apr-20,deaths,33
wikipedia,Israel,02-Apr-20,recovered,241
wikipedia,MS Zaandam & Rotterdam,02-Apr-20,cases,11
wikipedia,MS Zaandam & Rotterdam,02-Apr-20,deaths,2
wikipedia,MS Zaandam & Rotterdam,02-Apr-20,recovered,0
wikipedia,Czech Republic,02-Apr-20,cases,3858
wikipedia,Czech Republic,02-Apr-20,deaths,44
wikipedia,Czech Republic,02-Apr-20,recovered,67
wikipedia,Curaçao,02-Apr-20,cases,11
wikipedia,Curaçao,02-Apr-20,deaths,1
wikipedia,Curaçao,02-Apr-20,recovered,2
worldometer,Pakistan,02-Apr-20,cases,2421
worldometer,Pakistan,02-Apr-20,deaths,34
worldometer,Pakistan,02-Apr-20,recovered,7
worldometer,Togo,02-Apr-20,cases,39
worldometer,Togo,02-Apr-20,deaths,2
worldometer,Togo,02-Apr-20,recovered,0
worldometer,Belarus,02-Apr-20,cases,304
worldometer,Belarus,02-Apr-20,deaths,4
worldometer,Belarus,02-Apr-20,recovered,2
worldometer,Mayotte,02-Apr-20,cases,116
worldometer,Mayotte,02-Apr-20,deaths,1
worldometer,Mayotte,02-Apr-20,recovered,0
worldometer,East Timor,02-Apr-20,cases,1
worldometer,East Timor,02-Apr-20,deaths,0
worldometer,East Timor,02-Apr-20,recovered,0
worldometer,Australia,02-Apr-20,cases,5314
worldometer,Australia,02-Apr-20,deaths,25
worldometer,Australia,02-Apr-20,recovered,2
worldometer,UK,02-Apr-20,cases,33718
worldometer,UK,02-Apr-20,deaths,2921
worldometer,UK,02-Apr-20,recovered,569
worldometer,Tunisia,02-Apr-20,cases,455
worldometer,Tunisia,02-Apr-20,deaths,14
worldometer,Tunisia,02-Apr-20,recovered,2
worldometer,Sint Maarten,02-Apr-20,cases,18
worldometer,Sint Maarten,02-Apr-20,deaths,1
worldometer,Sint Maarten,02-Apr-20,recovered,0
worldometer,Hong Kong,02-Apr-20,cases,802
worldometer,Hong Kong,02-Apr-20,deaths,4
worldometer,Hong Kong,02-Apr-20,recovered,0
worldometer,North Macedonia,02-Apr-20,cases,384
worldometer,North Macedonia,02-Apr-20,deaths,11
worldometer,North Macedonia,02-Apr-20,recovered,0
worldometer,Uruguay,02-Apr-20,cases,350
worldometer,Uruguay,02-Apr-20,deaths,4
worldometer,Uruguay,02-Apr-20,recovered,2
worldometer,Mali,02-Apr-20,cases,36
worldometer,Mali,02-Apr-20,deaths,3
worldometer,Mali,02-Apr-20,recovered,0
worldometer,Qatar,02-Apr-20,cases,949
worldometer,Qatar,02-Apr-20,deaths,3
worldometer,Qatar,02-Apr-20,recovered,1
worldometer,Argentina,02-Apr-20,cases,1265
worldometer,Argentina,02-Apr-20,deaths,36
worldometer,Argentina,02-Apr-20,recovered,4
worldometer,Hungary,02-Apr-20,cases,585
worldometer,Hungary,02-Apr-20,deaths,21
worldometer,Hungary,02-Apr-20,recovered,1
worldometer,Cambodia,02-Apr-20,cases,110
worldometer,Cambodia,02-Apr-20,deaths,0
worldometer,Cambodia,02-Apr-20,recovered,0
worldometer,Cuba,02-Apr-20,cases,233
worldometer,Cuba,02-Apr-20,deaths,6
worldometer,Cuba,02-Apr-20,recovered,0
worldometer,Paraguay,02-Apr-20,cases,77
worldometer,Paraguay,02-Apr-20,deaths,3
worldometer,Paraguay,02-Apr-20,recovered,0
worldometer,Portugal,02-Apr-20,cases,9034
worldometer,Portugal,02-Apr-20,deaths,209
worldometer,Portugal,02-Apr-20,recovered,22
worldometer,Bahrain,02-Apr-20,cases,643
worldometer,Bahrain,02-Apr-20,deaths,4
worldometer,Bahrain,02-Apr-20,recovered,0
worldometer,Oman,02-Apr-20,cases,231
worldometer,Oman,02-Apr-20,deaths,1
worldometer,Oman,02-Apr-20,recovered,0
worldometer,Haiti,02-Apr-20,cases,16
worldometer,Haiti,02-Apr-20,deaths,0
worldometer,Haiti,02-Apr-20,recovered,0
worldometer,Nepal,02-Apr-20,cases,6
worldometer,Nepal,02-Apr-20,deaths,0
worldometer,Nepal,02-Apr-20,recovered,0
worldometer,Saint Lucia,02-Apr-20,cases,13
worldometer,Saint Lucia,02-Apr-20,deaths,0
worldometer,Saint Lucia,02-Apr-20,recovered,0
worldometer,Guinea,02-Apr-20,cases,52
worldometer,Guinea,02-Apr-20,deaths,0
worldometer,Guinea,02-Apr-20,recovered,0
worldometer,Sierra Leone,02-Apr-20,cases,2
worldometer,Sierra Leone,02-Apr-20,deaths,0
worldometer,Sierra Leone,02-Apr-20,recovered,0
worldometer,Moldova,02-Apr-20,cases,505
worldometer,Moldova,02-Apr-20,deaths,6
worldometer,Moldova,02-Apr-20,recovered,1
worldometer,Burkina Faso,02-Apr-20,cases,288
worldometer,Burkina Faso,02-Apr-20,deaths,16
worldometer,Burkina Faso,02-Apr-20,recovered,0
worldometer,Ireland,02-Apr-20,cases,3849
worldometer,Ireland,02-Apr-20,deaths,98
worldometer,Ireland,02-Apr-20,recovered,13
worldometer,French Guiana,02-Apr-20,cases,51
worldometer,French Guiana,02-Apr-20,deaths,0
worldometer,French Guiana,02-Apr-20,recovered,0
worldometer,Mongolia,02-Apr-20,cases,14
worldometer,Mongolia,02-Apr-20,deaths,0
worldometer,Mongolia,02-Apr-20,recovered,0
worldometer,Ethiopia,02-Apr-20,cases,29
worldometer,Ethiopia,02-Apr-20,deaths,0
worldometer,Ethiopia,02-Apr-20,recovered,0
worldometer,New Zealand,02-Apr-20,cases,797
worldometer,New Zealand,02-Apr-20,deaths,1
worldometer,New Zealand,02-Apr-20,recovered,0
worldometer,Gibraltar,02-Apr-20,cases,88
worldometer,Gibraltar,02-Apr-20,deaths,0
worldometer,Gibraltar,02-Apr-20,recovered,0
worldometer,Malaysia,02-Apr-20,cases,3116
worldometer,Malaysia,02-Apr-20,deaths,50
worldometer,Malaysia,02-Apr-20,recovered,5
worldometer,Chile,02-Apr-20,cases,3404
worldometer,Chile,02-Apr-20,deaths,18
worldometer,Chile,02-Apr-20,recovered,2
worldometer,Macao,02-Apr-20,cases,41
worldometer,Macao,02-Apr-20,deaths,0
worldometer,Macao,02-Apr-20,recovered,0
worldometer,Brazil,02-Apr-20,cases,8044
worldometer,Brazil,02-Apr-20,deaths,324
worldometer,Brazil,02-Apr-20,recovered,82
worldometer,Kazakhstan,02-Apr-20,cases,435
worldometer,Kazakhstan,02-Apr-20,deaths,3
worldometer,Kazakhstan,02-Apr-20,recovered,0
worldometer,Niger,02-Apr-20,cases,98
worldometer,Niger,02-Apr-20,deaths,5
worldometer,Niger,02-Apr-20,recovered,0
worldometer,Colombia,02-Apr-20,cases,1161
worldometer,Colombia,02-Apr-20,deaths,19
worldometer,Colombia,02-Apr-20,recovered,2
worldometer,Bolivia,02-Apr-20,cases,123
worldometer,Bolivia,02-Apr-20,deaths,8
worldometer,Bolivia,02-Apr-20,recovered,1
worldometer,El Salvador,02-Apr-20,cases,41
worldometer,El Salvador,02-Apr-20,deaths,2
worldometer,El Salvador,02-Apr-20,recovered,0
worldometer,Sudan,02-Apr-20,cases,8
worldometer,Sudan,02-Apr-20,deaths,2
worldometer,Sudan,02-Apr-20,recovered,0
worldometer,UAE,02-Apr-20,cases,1024
worldometer,UAE,02-Apr-20,deaths,8
worldometer,UAE,02-Apr-20,recovered,0
worldometer,Sweden,02-Apr-20,cases,5568
worldometer,Sweden,02-Apr-20,deaths,308
worldometer,Sweden,02-Apr-20,recovered,69
worldometer,Croatia,02-Apr-20,cases,1011
worldometer,Croatia,02-Apr-20,deaths,7
worldometer,Croatia,02-Apr-20,recovered,1
worldometer,Ukraine,02-Apr-20,cases,897
worldometer,Ukraine,02-Apr-20,deaths,22
worldometer,Ukraine,02-Apr-20,recovered,2
worldometer,Kenya,02-Apr-20,cases,110
worldometer,Kenya,02-Apr-20,deaths,3
worldometer,Kenya,02-Apr-20,recovered,2
worldometer,Gambia,02-Apr-20,cases,4
worldometer,Gambia,02-Apr-20,deaths,1
worldometer,Gambia,02-Apr-20,recovered,0
worldometer,Palestine,02-Apr-20,cases,161
worldometer,Palestine,02-Apr-20,deaths,1
worldometer,Palestine,02-Apr-20,recovered,0
worldometer,Iraq,02-Apr-20,cases,772
worldometer,Iraq,02-Apr-20,deaths,54
worldometer,Iraq,02-Apr-20,recovered,2
worldometer,Canada,02-Apr-20,cases,11283
worldometer,Canada,02-Apr-20,deaths,173
worldometer,Canada,02-Apr-20,recovered,59
worldometer,Cabo Verde,02-Apr-20,cases,6
worldometer,Cabo Verde,02-Apr-20,deaths,1
worldometer,Cabo Verde,02-Apr-20,recovered,0
worldometer,Belgium,02-Apr-20,cases,15348
worldometer,Belgium,02-Apr-20,deaths,1011
worldometer,Belgium,02-Apr-20,recovered,183
worldometer,United States,02-Apr-20,cases,244320
worldometer,United States,02-Apr-20,deaths,6062
worldometer,United States,02-Apr-20,recovered,960
worldometer,South Africa,02-Apr-20,cases,1462
worldometer,South Africa,02-Apr-20,deaths,5
worldometer,South Africa,02-Apr-20,recovered,0
worldometer,Uzbekistan,02-Apr-20,cases,205
worldometer,Uzbekistan,02-Apr-20,deaths,2
worldometer,Uzbekistan,02-Apr-20,recovered,0
worldometer,Bangladesh,02-Apr-20,cases,56
worldometer,Bangladesh,02-Apr-20,deaths,6
worldometer,Bangladesh,02-Apr-20,recovered,0
worldometer,Jamaica,02-Apr-20,cases,47
worldometer,Jamaica,02-Apr-20,deaths,3
worldometer,Jamaica,02-Apr-20,recovered,0
worldometer,Mexico,02-Apr-20,cases,1378
worldometer,Mexico,02-Apr-20,deaths,37
worldometer,Mexico,02-Apr-20,recovered,8
worldometer,Libya,02-Apr-20,cases,11
worldometer,Libya,02-Apr-20,deaths,1
worldometer,Libya,02-Apr-20,recovered,1
worldometer,Romania,02-Apr-20,cases,2738
worldometer,Romania,02-Apr-20,deaths,115
worldometer,Romania,02-Apr-20,recovered,23
worldometer,Botswana,02-Apr-20,cases,4
worldometer,Botswana,02-Apr-20,deaths,1
worldometer,Botswana,02-Apr-20,recovered,0
worldometer,Saint Kitts and Nevis,02-Apr-20,cases,9
worldometer,Saint Kitts and Nevis,02-Apr-20,deaths,0
worldometer,Saint Kitts and Nevis,02-Apr-20,recovered,0
worldometer,Malta,02-Apr-20,cases,196
worldometer,Malta,02-Apr-20,deaths,0
worldometer,Malta,02-Apr-20,recovered,0
worldometer,Fiji,02-Apr-20,cases,7
worldometer,Fiji,02-Apr-20,deaths,0
worldometer,Fiji,02-Apr-20,recovered,0
worldometer,Bhutan,02-Apr-20,cases,5
worldometer,Bhutan,02-Apr-20,deaths,0
worldometer,Bhutan,02-Apr-20,recovered,0
worldometer,Azerbaijan,02-Apr-20,cases,400
worldometer,Azerbaijan,02-Apr-20,deaths,5
worldometer,Azerbaijan,02-Apr-20,recovered,0
worldometer,Brunei ,02-Apr-20,cases,133
worldometer,Brunei ,02-Apr-20,deaths,1
worldometer,Brunei ,02-Apr-20,recovered,0
worldometer,Egypt,02-Apr-20,cases,865
worldometer,Egypt,02-Apr-20,deaths,58
worldometer,Egypt,02-Apr-20,recovered,6
worldometer,Barbados,02-Apr-20,cases,46
worldometer,Barbados,02-Apr-20,deaths,0
worldometer,Barbados,02-Apr-20,recovered,0
worldometer,Estonia,02-Apr-20,cases,858
worldometer,Estonia,02-Apr-20,deaths,11
worldometer,Estonia,02-Apr-20,recovered,6
worldometer,Lithuania,02-Apr-20,cases,649
worldometer,Lithuania,02-Apr-20,deaths,9
worldometer,Lithuania,02-Apr-20,recovered,1
worldometer,Vietnam,02-Apr-20,cases,233
worldometer,Vietnam,02-Apr-20,deaths,0
worldometer,Vietnam,02-Apr-20,recovered,0
worldometer,Diamond Princess,02-Apr-20,cases,712
worldometer,Diamond Princess,02-Apr-20,deaths,11
worldometer,Diamond Princess,02-Apr-20,recovered,0
worldometer,Guadeloupe,02-Apr-20,cases,128
worldometer,Guadeloupe,02-Apr-20,deaths,6
worldometer,Guadeloupe,02-Apr-20,recovered,0
worldometer,Syria,02-Apr-20,cases,16
worldometer,Syria,02-Apr-20,deaths,2
worldometer,Syria,02-Apr-20,recovered,0
worldometer,Japan,02-Apr-20,cases,2495
worldometer,Japan,02-Apr-20,deaths,62
worldometer,Japan,02-Apr-20,recovered,5
worldometer,Dominica,02-Apr-20,cases,12
worldometer,Dominica,02-Apr-20,deaths,0
worldometer,Dominica,02-Apr-20,recovered,0
worldometer,Georgia,02-Apr-20,cases,134
worldometer,Georgia,02-Apr-20,deaths,0
worldometer,Georgia,02-Apr-20,recovered,0
worldometer,Nigeria,02-Apr-20,cases,184
worldometer,Nigeria,02-Apr-20,deaths,2
worldometer,Nigeria,02-Apr-20,recovered,0
worldometer,Isle of Man,02-Apr-20,cases,95
worldometer,Isle of Man,02-Apr-20,deaths,1
worldometer,Isle of Man,02-Apr-20,recovered,0
worldometer,Indonesia,02-Apr-20,cases,1790
worldometer,Indonesia,02-Apr-20,deaths,170
worldometer,Indonesia,02-Apr-20,recovered,13
worldometer,Suriname,02-Apr-20,cases,10
worldometer,Suriname,02-Apr-20,deaths,0
worldometer,Suriname,02-Apr-20,recovered,0
worldometer,Ecuador,02-Apr-20,cases,3163
worldometer,Ecuador,02-Apr-20,deaths,120
worldometer,Ecuador,02-Apr-20,recovered,22
worldometer,Laos,02-Apr-20,cases,10
worldometer,Laos,02-Apr-20,deaths,0
worldometer,Laos,02-Apr-20,recovered,0
worldometer,Ghana,02-Apr-20,cases,204
worldometer,Ghana,02-Apr-20,deaths,5
worldometer,Ghana,02-Apr-20,recovered,0
worldometer,Eswatini,02-Apr-20,cases,9
worldometer,Eswatini,02-Apr-20,deaths,0
worldometer,Eswatini,02-Apr-20,recovered,0
worldometer,Latvia,02-Apr-20,cases,458
worldometer,Latvia,02-Apr-20,deaths,0
worldometer,Latvia,02-Apr-20,recovered,0
worldometer,Namibia,02-Apr-20,cases,14
worldometer,Namibia,02-Apr-20,deaths,0
worldometer,Namibia,02-Apr-20,recovered,0
worldometer,Guyana,02-Apr-20,cases,19
worldometer,Guyana,02-Apr-20,deaths,4
worldometer,Guyana,02-Apr-20,recovered,1
worldometer,Maldives,02-Apr-20,cases,19
worldometer,Maldives,02-Apr-20,deaths,0
worldometer,Maldives,02-Apr-20,recovered,0
worldometer,Zimbabwe,02-Apr-20,cases,9
worldometer,Zimbabwe,02-Apr-20,deaths,1
worldometer,Zimbabwe,02-Apr-20,recovered,0
worldometer,Anguilla,02-Apr-20,cases,3
worldometer,Anguilla,02-Apr-20,deaths,0
worldometer,Anguilla,02-Apr-20,recovered,0
worldometer,Eritrea,02-Apr-20,cases,22
worldometer,Eritrea,02-Apr-20,deaths,0
worldometer,Eritrea,02-Apr-20,recovered,0
worldometer,Seychelles,02-Apr-20,cases,10
worldometer,Seychelles,02-Apr-20,deaths,0
worldometer,Seychelles,02-Apr-20,recovered,0
worldometer,Greece,02-Apr-20,cases,1544
worldometer,Greece,02-Apr-20,deaths,53
worldometer,Greece,02-Apr-20,recovered,2
worldometer,Guatemala,02-Apr-20,cases,47
worldometer,Guatemala,02-Apr-20,deaths,1
worldometer,Guatemala,02-Apr-20,recovered,0
worldometer,Republic of the Congo,02-Apr-20,cases,22
worldometer,Republic of the Congo,02-Apr-20,deaths,2
worldometer,Republic of the Congo,02-Apr-20,recovered,0
worldometer,San Marino,02-Apr-20,cases,245
worldometer,San Marino,02-Apr-20,deaths,30
worldometer,San Marino,02-Apr-20,recovered,2
worldometer,Philippines,02-Apr-20,cases,2633
worldometer,Philippines,02-Apr-20,deaths,107
worldometer,Philippines,02-Apr-20,recovered,11
worldometer,Mauritania,02-Apr-20,cases,6
worldometer,Mauritania,02-Apr-20,deaths,1
worldometer,Mauritania,02-Apr-20,recovered,0
worldometer,CAR,02-Apr-20,cases,3
worldometer,CAR,02-Apr-20,deaths,0
worldometer,CAR,02-Apr-20,recovered,0
worldometer,Russia,02-Apr-20,cases,3548
worldometer,Russia,02-Apr-20,deaths,30
worldometer,Russia,02-Apr-20,recovered,6
worldometer,New Caledonia,02-Apr-20,cases,18
worldometer,New Caledonia,02-Apr-20,deaths,0
worldometer,New Caledonia,02-Apr-20,recovered,0
worldometer,Rwanda,02-Apr-20,cases,84
worldometer,Rwanda,02-Apr-20,deaths,0
worldometer,Rwanda,02-Apr-20,recovered,0
worldometer,Nicaragua,02-Apr-20,cases,5
worldometer,Nicaragua,02-Apr-20,deaths,1
worldometer,Nicaragua,02-Apr-20,recovered,0
worldometer,Italy,02-Apr-20,cases,115242
worldometer,Italy,02-Apr-20,deaths,13915
worldometer,Italy,02-Apr-20,recovered,760
worldometer,China,02-Apr-20,cases,81589
worldometer,China,02-Apr-20,deaths,3318
worldometer,China,02-Apr-20,recovered,6
worldometer,Mozambique,02-Apr-20,cases,10
worldometer,Mozambique,02-Apr-20,deaths,0
worldometer,Mozambique,02-Apr-20,recovered,0
worldometer,Belize,02-Apr-20,cases,3
worldometer,Belize,02-Apr-20,deaths,0
worldometer,Belize,02-Apr-20,recovered,0
worldometer,Uganda,02-Apr-20,cases,45
worldometer,Uganda,02-Apr-20,deaths,0
worldometer,Uganda,02-Apr-20,recovered,0
worldometer,France,02-Apr-20,cases,59105
worldometer,France,02-Apr-20,deaths,5387
worldometer,France,02-Apr-20,recovered,1355
worldometer,Serbia,02-Apr-20,cases,1171
worldometer,Serbia,02-Apr-20,deaths,31
worldometer,Serbia,02-Apr-20,recovered,3
worldometer,Caribbean Netherlands,02-Apr-20,cases,2
worldometer,Caribbean Netherlands,02-Apr-20,deaths,0
worldometer,Caribbean Netherlands,02-Apr-20,recovered,0
worldometer,Turks and Caicos,02-Apr-20,cases,5
worldometer,Turks and Caicos,02-Apr-20,deaths,0
worldometer,Turks and Caicos,02-Apr-20,recovered,0
worldometer,Slovenia,02-Apr-20,cases,897
worldometer,Slovenia,02-Apr-20,deaths,17
worldometer,Slovenia,02-Apr-20,recovered,2
worldometer,Honduras,02-Apr-20,cases,219
worldometer,Honduras,02-Apr-20,deaths,14
worldometer,Honduras,02-Apr-20,recovered,4
worldometer,Gabon,02-Apr-20,cases,21
worldometer,Gabon,02-Apr-20,deaths,1
worldometer,Gabon,02-Apr-20,recovered,0
worldometer,Iran,02-Apr-20,cases,50468
worldometer,Iran,02-Apr-20,deaths,3160
worldometer,Iran,02-Apr-20,recovered,124
worldometer,Venezuela,02-Apr-20,cases,146
worldometer,Venezuela,02-Apr-20,deaths,5
worldometer,Venezuela,02-Apr-20,recovered,2
worldometer,Armenia,02-Apr-20,cases,663
worldometer,Armenia,02-Apr-20,deaths,7
worldometer,Armenia,02-Apr-20,recovered,3
worldometer,Tanzania,02-Apr-20,cases,20
worldometer,Tanzania,02-Apr-20,deaths,1
worldometer,Tanzania,02-Apr-20,recovered,0
worldometer,Antigua and Barbuda,02-Apr-20,cases,9
worldometer,Antigua and Barbuda,02-Apr-20,deaths,0
worldometer,Antigua and Barbuda,02-Apr-20,recovered,0
worldometer,Papua New Guinea,02-Apr-20,cases,1
worldometer,Papua New Guinea,02-Apr-20,deaths,0
worldometer,Papua New Guinea,02-Apr-20,recovered,0
worldometer,Ivory Coast,02-Apr-20,cases,194
worldometer,Ivory Coast,02-Apr-20,deaths,1
worldometer,Ivory Coast,02-Apr-20,recovered,0
worldometer,Equatorial Guinea,02-Apr-20,cases,15
worldometer,Equatorial Guinea,02-Apr-20,deaths,0
worldometer,Equatorial Guinea,02-Apr-20,recovered,0
worldometer,Madagascar,02-Apr-20,cases,59
worldometer,Madagascar,02-Apr-20,deaths,0
worldometer,Madagascar,02-Apr-20,recovered,0
worldometer,Slovakia,02-Apr-20,cases,426
worldometer,Slovakia,02-Apr-20,deaths,1
worldometer,Slovakia,02-Apr-20,recovered,0
worldometer,Somalia,02-Apr-20,cases,5
worldometer,Somalia,02-Apr-20,deaths,0
worldometer,Somalia,02-Apr-20,recovered,0
worldometer,Norway,02-Apr-20,cases,5147
worldometer,Norway,02-Apr-20,deaths,50
worldometer,Norway,02-Apr-20,recovered,6
worldometer,Algeria,02-Apr-20,cases,986
worldometer,Algeria,02-Apr-20,deaths,86
worldometer,Algeria,02-Apr-20,recovered,28
worldometer,Dominican Republic,02-Apr-20,cases,1380
worldometer,Dominican Republic,02-Apr-20,deaths,60
worldometer,Dominican Republic,02-Apr-20,recovered,3
worldometer,Greenland,02-Apr-20,cases,10
worldometer,Greenland,02-Apr-20,deaths,0
worldometer,Greenland,02-Apr-20,recovered,0
worldometer,South Korea,02-Apr-20,cases,9976
worldometer,South Korea,02-Apr-20,deaths,169
worldometer,South Korea,02-Apr-20,recovered,4
worldometer,Channel Islands,02-Apr-20,cases,193
worldometer,Channel Islands,02-Apr-20,deaths,3
worldometer,Channel Islands,02-Apr-20,recovered,0
worldometer,Taiwan,02-Apr-20,cases,339
worldometer,Taiwan,02-Apr-20,deaths,5
worldometer,Taiwan,02-Apr-20,recovered,0
worldometer,Malawi,02-Apr-20,cases,3
worldometer,Malawi,02-Apr-20,deaths,0
worldometer,Malawi,02-Apr-20,recovered,0
worldometer,Myanmar,02-Apr-20,cases,20
worldometer,Myanmar,02-Apr-20,deaths,1
worldometer,Myanmar,02-Apr-20,recovered,0
worldometer,Liberia,02-Apr-20,cases,6
worldometer,Liberia,02-Apr-20,deaths,0
worldometer,Liberia,02-Apr-20,recovered,0
worldometer,Monaco,02-Apr-20,cases,60
worldometer,Monaco,02-Apr-20,deaths,1
worldometer,Monaco,02-Apr-20,recovered,0
worldometer,Albania,02-Apr-20,cases,277
worldometer,Albania,02-Apr-20,deaths,16
worldometer,Albania,02-Apr-20,recovered,1
worldometer,Angola,02-Apr-20,cases,8
worldometer,Angola,02-Apr-20,deaths,2
worldometer,Angola,02-Apr-20,recovered,0
worldometer,Senegal,02-Apr-20,cases,195
worldometer,Senegal,02-Apr-20,deaths,1
worldometer,Senegal,02-Apr-20,recovered,0
worldometer,Cyprus,02-Apr-20,cases,356
worldometer,Cyprus,02-Apr-20,deaths,10
worldometer,Cyprus,02-Apr-20,recovered,1
worldometer,Martinique,02-Apr-20,cases,138
worldometer,Martinique,02-Apr-20,deaths,3
worldometer,Martinique,02-Apr-20,recovered,0
worldometer,Cameroon,02-Apr-20,cases,306
worldometer,Cameroon,02-Apr-20,deaths,7
worldometer,Cameroon,02-Apr-20,recovered,1
worldometer,Réunion,02-Apr-20,cases,308
worldometer,Réunion,02-Apr-20,deaths,0
worldometer,Réunion,02-Apr-20,recovered,0
worldometer,Finland,02-Apr-20,cases,1518
worldometer,Finland,02-Apr-20,deaths,19
worldometer,Finland,02-Apr-20,recovered,2
worldometer,Burundi,02-Apr-20,cases,3
worldometer,Burundi,02-Apr-20,deaths,0
worldometer,Burundi,02-Apr-20,recovered,0
worldometer,Kyrgyzstan,02-Apr-20,cases,116
worldometer,Kyrgyzstan,02-Apr-20,deaths,0
worldometer,Kyrgyzstan,02-Apr-20,recovered,0
worldometer,British Virgin Islands,02-Apr-20,cases,3
worldometer,British Virgin Islands,02-Apr-20,deaths,0
worldometer,British Virgin Islands,02-Apr-20,recovered,0
worldometer,Sri Lanka,02-Apr-20,cases,151
worldometer,Sri Lanka,02-Apr-20,deaths,4
worldometer,Sri Lanka,02-Apr-20,recovered,1
worldometer,Denmark,02-Apr-20,cases,3386
worldometer,Denmark,02-Apr-20,deaths,123
worldometer,Denmark,02-Apr-20,recovered,19
worldometer,Guinea-Bissau,02-Apr-20,cases,9
worldometer,Guinea-Bissau,02-Apr-20,deaths,0
worldometer,Guinea-Bissau,02-Apr-20,recovered,0
worldometer,Peru,02-Apr-20,cases,1414
worldometer,Peru,02-Apr-20,deaths,55
worldometer,Peru,02-Apr-20,recovered,17
worldometer,Bermuda,02-Apr-20,cases,35
worldometer,Bermuda,02-Apr-20,deaths,0
worldometer,Bermuda,02-Apr-20,recovered,0
worldometer,Luxembourg,02-Apr-20,cases,2487
worldometer,Luxembourg,02-Apr-20,deaths,30
worldometer,Luxembourg,02-Apr-20,recovered,1
worldometer,Switzerland,02-Apr-20,cases,18827
worldometer,Switzerland,02-Apr-20,deaths,536
worldometer,Switzerland,02-Apr-20,recovered,48
worldometer,St. Vincent Grenadines,02-Apr-20,cases,2
worldometer,St. Vincent Grenadines,02-Apr-20,deaths,0
worldometer,St. Vincent Grenadines,02-Apr-20,recovered,0
worldometer,Iceland,02-Apr-20,cases,1319
worldometer,Iceland,02-Apr-20,deaths,4
worldometer,Iceland,02-Apr-20,recovered,2
worldometer,Netherlands,02-Apr-20,cases,14697
worldometer,Netherlands,02-Apr-20,deaths,1339
worldometer,Netherlands,02-Apr-20,recovered,166
worldometer,Thailand,02-Apr-20,cases,1875
worldometer,Thailand,02-Apr-20,deaths,15
worldometer,Thailand,02-Apr-20,recovered,3
worldometer,Vatican City,02-Apr-20,cases,7
worldometer,Vatican City,02-Apr-20,deaths,0
worldometer,Vatican City,02-Apr-20,recovered,0
worldometer,Spain,02-Apr-20,cases,112065
worldometer,Spain,02-Apr-20,deaths,10348
worldometer,Spain,02-Apr-20,recovered,961
worldometer,Kuwait,02-Apr-20,cases,342
worldometer,Kuwait,02-Apr-20,deaths,0
worldometer,Kuwait,02-Apr-20,recovered,0
worldometer,Germany,02-Apr-20,cases,84794
worldometer,Germany,02-Apr-20,deaths,1107
worldometer,Germany,02-Apr-20,recovered,176
worldometer,Faeroe Islands,02-Apr-20,cases,177
worldometer,Faeroe Islands,02-Apr-20,deaths,0
worldometer,Faeroe Islands,02-Apr-20,recovered,0
worldometer,Turkey,02-Apr-20,cases,18135
worldometer,Turkey,02-Apr-20,deaths,356
worldometer,Turkey,02-Apr-20,recovered,79
worldometer,MS Zaandam,02-Apr-20,cases,9
worldometer,MS Zaandam,02-Apr-20,deaths,2
worldometer,MS Zaandam,02-Apr-20,recovered,0
worldometer,Poland,02-Apr-20,cases,2946
worldometer,Poland,02-Apr-20,deaths,57
worldometer,Poland,02-Apr-20,recovered,14
worldometer,Andorra,02-Apr-20,cases,428
worldometer,Andorra,02-Apr-20,deaths,15
worldometer,Andorra,02-Apr-20,recovered,1
worldometer,St. Barth,02-Apr-20,cases,6
worldometer,St. Barth,02-Apr-20,deaths,0
worldometer,St. Barth,02-Apr-20,recovered,0
worldometer,Bahamas,02-Apr-20,cases,24
worldometer,Bahamas,02-Apr-20,deaths,1
worldometer,Bahamas,02-Apr-20,recovered,0
worldometer,Liechtenstein,02-Apr-20,cases,75
worldometer,Liechtenstein,02-Apr-20,deaths,0
worldometer,Liechtenstein,02-Apr-20,recovered,0
worldometer,Singapore,02-Apr-20,cases,1049
worldometer,Singapore,02-Apr-20,deaths,4
worldometer,Singapore,02-Apr-20,recovered,1
worldometer,Mauritius,02-Apr-20,cases,169
worldometer,Mauritius,02-Apr-20,deaths,7
worldometer,Mauritius,02-Apr-20,recovered,1
worldometer,Costa Rica,02-Apr-20,cases,396
worldometer,Costa Rica,02-Apr-20,deaths,2
worldometer,Costa Rica,02-Apr-20,recovered,0
worldometer,Saint Martin,02-Apr-20,cases,22
worldometer,Saint Martin,02-Apr-20,deaths,1
worldometer,Saint Martin,02-Apr-20,recovered,0
worldometer,Aruba,02-Apr-20,cases,60
worldometer,Aruba,02-Apr-20,deaths,0
worldometer,Aruba,02-Apr-20,recovered,0
worldometer,Benin,02-Apr-20,cases,13
worldometer,Benin,02-Apr-20,deaths,0
worldometer,Benin,02-Apr-20,recovered,0
worldometer,Morocco,02-Apr-20,cases,708
worldometer,Morocco,02-Apr-20,deaths,44
worldometer,Morocco,02-Apr-20,recovered,5
worldometer,Bulgaria,02-Apr-20,cases,457
worldometer,Bulgaria,02-Apr-20,deaths,10
worldometer,Bulgaria,02-Apr-20,recovered,0
worldometer,Panama,02-Apr-20,cases,1475
worldometer,Panama,02-Apr-20,deaths,37
worldometer,Panama,02-Apr-20,recovered,5
worldometer,India,02-Apr-20,cases,2543
worldometer,India,02-Apr-20,deaths,72
worldometer,India,02-Apr-20,recovered,14
worldometer,Cayman Islands,02-Apr-20,cases,28
worldometer,Cayman Islands,02-Apr-20,deaths,1
worldometer,Cayman Islands,02-Apr-20,recovered,0
worldometer,Montserrat,02-Apr-20,cases,5
worldometer,Montserrat,02-Apr-20,deaths,0
worldometer,Montserrat,02-Apr-20,recovered,0
worldometer,Austria,02-Apr-20,cases,11129
worldometer,Austria,02-Apr-20,deaths,158
worldometer,Austria,02-Apr-20,recovered,12
worldometer,Bosnia and Herzegovina,02-Apr-20,cases,533
worldometer,Bosnia and Herzegovina,02-Apr-20,deaths,16
worldometer,Bosnia and Herzegovina,02-Apr-20,recovered,3
worldometer,French Polynesia,02-Apr-20,cases,37
worldometer,French Polynesia,02-Apr-20,deaths,0
worldometer,French Polynesia,02-Apr-20,recovered,0
worldometer,Grenada,02-Apr-20,cases,10
worldometer,Grenada,02-Apr-20,deaths,0
worldometer,Grenada,02-Apr-20,recovered,0
worldometer,Jordan,02-Apr-20,cases,299
worldometer,Jordan,02-Apr-20,deaths,5
worldometer,Jordan,02-Apr-20,recovered,0
worldometer,Trinidad and Tobago,02-Apr-20,cases,94
worldometer,Trinidad and Tobago,02-Apr-20,deaths,5
worldometer,Trinidad and Tobago,02-Apr-20,recovered,0
worldometer,Afghanistan,02-Apr-20,cases,273
worldometer,Afghanistan,02-Apr-20,deaths,6
worldometer,Afghanistan,02-Apr-20,recovered,2
worldometer,Lebanon,02-Apr-20,cases,494
worldometer,Lebanon,02-Apr-20,deaths,16
worldometer,Lebanon,02-Apr-20,recovered,2
worldometer,Djibouti,02-Apr-20,cases,40
worldometer,Djibouti,02-Apr-20,deaths,0
worldometer,Djibouti,02-Apr-20,recovered,0
worldometer,DRC,02-Apr-20,cases,134
worldometer,DRC,02-Apr-20,deaths,13
worldometer,DRC,02-Apr-20,recovered,4
worldometer,Montenegro,02-Apr-20,cases,144
worldometer,Montenegro,02-Apr-20,deaths,2
worldometer,Montenegro,02-Apr-20,recovered,0
worldometer,Saudi Arabia,02-Apr-20,cases,1885
worldometer,Saudi Arabia,02-Apr-20,deaths,21
worldometer,Saudi Arabia,02-Apr-20,recovered,5
worldometer,Chad,02-Apr-20,cases,8
worldometer,Chad,02-Apr-20,deaths,0
worldometer,Chad,02-Apr-20,recovered,0
worldometer,Zambia,02-Apr-20,cases,39
worldometer,Zambia,02-Apr-20,deaths,1
worldometer,Zambia,02-Apr-20,recovered,1
worldometer,Israel,02-Apr-20,cases,6857
worldometer,Israel,02-Apr-20,deaths,36
worldometer,Israel,02-Apr-20,recovered,10
worldometer,Czech Republic,02-Apr-20,cases,3858
worldometer,Czech Republic,02-Apr-20,deaths,44
worldometer,Czech Republic,02-Apr-20,recovered,5
worldometer,Curaçao,02-Apr-20,cases,11
worldometer,Curaçao,02-Apr-20,deaths,1
worldometer,Curaçao,02-Apr-20,recovered,0
